{
  "info": {
    "name": "User Dealer Role Permission API",
    "_postman_id": "12345-abcde",
    "description": "Postman collection for CQRS microservice",
    "schema": "https://schema.getpostman.com/json/collection/v2.1.0/collection.json"
  },
  "item": [
    {
      "name": "Create Role",
      "request": {
        "method": "POST",
        "header": [{ "key": "Content-Type", "value": "application/json" }],
        "body": {
          "mode": "raw",
          "raw": "{ \"name\": \"Manager\", \"modifiedBy\": \"system\" }"
        },
        "url": { "raw": "http://localhost:8080/api/commands/roles", "protocol": "http", "host": ["localhost"], "port": "8080", "path": ["api","commands","roles"] }
      }
    },
    {
      "name": "Search Users",
      "request": {
        "method": "POST",
        "header": [{ "key": "Content-Type", "value": "application/json" }],
        "body": {
          "mode": "raw",
          "raw": "{ \"filters\": { \"email\": \"john.doe@example.com\" }, \"page\": 0, \"size\": 10 }"
        },
        "url": { "raw": "http://localhost:8080/api/queries/users/search", "protocol": "http", "host": ["localhost"], "port": "8080", "path": ["api","queries","users","search"] }
      }
    }
  ]
}