{
  "info": {
    "name": "User Dealer Role Permission Service",
    "schema": "https://schema.getpostman.com/json/collection/v2.1.0/collection.json"
  },
  "item": [
    {
      "name": "Create Dealer",
      "request": {
        "method": "POST",
        "header": [
          {
            "key": "Content-Type",
            "value": "application/json"
          }
        ],
        "body": {
          "mode": "raw",
          "raw": "{\"dealerNumber\":\"D001\",\"dealerName\":\"Alpha Dealer\",\"phone\":\"111-1111\"}"
        },
        "url": {
          "raw": "http://localhost:8080/api/command/dealers"
        }
      }
    },
    {
      "name": "Create Role",
      "request": {
        "method": "POST",
        "header": [
          {
            "key": "Content-Type",
            "value": "application/json"
          }
        ],
        "body": {
          "mode": "raw",
          "raw": "{\"name\":\"Manager\"}"
        },
        "url": {
          "raw": "http://localhost:8080/api/command/roles"
        }
      }
    },
    {
      "name": "Create Permission",
      "request": {
        "method": "POST",
        "header": [
          {
            "key": "Content-Type",
            "value": "application/json"
          }
        ],
        "body": {
          "mode": "raw",
          "raw": "{\"name\":\"READ\"}"
        },
        "url": {
          "raw": "http://localhost:8080/api/command/permissions"
        }
      }
    },
    {
      "name": "Create User",
      "request": {
        "method": "POST",
        "header": [
          {
            "key": "Content-Type",
            "value": "application/json"
          }
        ],
        "body": {
          "mode": "raw",
          "raw": "{\"fname\":\"John\",\"lname\":\"Doe\",\"email\":\"john.doe@example.com\",\"dealers\":[{\"dealerId\":\"<dealerId>\",\"roleId\":\"<roleId>\",\"permissionIds\":[\"<permId>\"]}] }"
        },
        "url": {
          "raw": "http://localhost:8080/api/command/users"
        }
      }
    },
    {
      "name": "Search Optimized",
      "request": {
        "method": "POST",
        "header": [
          {
            "key": "Content-Type",
            "value": "application/json"
          }
        ],
        "body": {
          "mode": "raw",
          "raw": "{\"email\":\"john.doe@example.com\"}"
        },
        "url": {
          "raw": "http://localhost:8080/api/query/users/search-optimized"
        }
      }
    }
  ],
  "variable": [
    {
      "key": "baseUrl",
      "value": "http://localhost:8080"
    }
  ]
}
